{
    "train_losses": [
        1.1397286653518677,
        0.9853051900863647,
        1.0714284181594849,
        0.9259257912635803,
        1.0303349494934082,
        1.0116513967514038,
        1.0125043392181396,
        0.9385313391685486,
        1.0178173780441284,
        0.981206476688385,
        0.9489899277687073,
        0.889983594417572,
        1.0081543922424316,
        0.9452622532844543,
        0.963657021522522,
        0.9863561987876892,
        1.0199317932128906,
        0.9375932812690735,
        0.9363301396369934,
        0.9365845322608948,
        1.0119707584381104,
        0.8302473425865173,
        0.9142569303512573,
        0.955571711063385,
        0.9768941402435303,
        0.9137297868728638,
        0.9516607522964478,
        0.9060593843460083
    ],
    "learning_rates": [
        0.003,
        0.003,
        0.003,
        0.003,
        0.003,
        0.003,
        0.003,
        0.003,
        0.003,
        0.003,
        0.003,
        0.003,
        0.003,
        0.003,
        0.003,
        0.003,
        0.003,
        0.003,
        0.003,
        0.003,
        0.003,
        0.003,
        0.003,
        0.003,
        0.003,
        0.003,
        0.003,
        0.003
    ],
    "accuracies": [
        0.4830610881278344,
        0.5158916326656336,
        0.5191993289830966,
        0.5266345374674799,
        0.5193099014483413,
        0.5291903410212789,
        0.5332641465622231,
        0.5373916587291433,
        0.5280072156431606,
        0.5363333222760868,
        0.5398621635240393,
        0.542121001028324,
        0.5349148355076618,
        0.5422805412996056,
        0.5432283052874173,
        0.5417055644803331,
        0.5354519017674219,
        0.5454950408249338,
        0.5443340299398644,
        0.5479418515201344,
        0.5412016699601465,
        0.5494803883936822,
        0.5526964675256567,
        0.553467315569077,
        0.5479007817473293,
        0.5533441062506614,
        0.5568998008116018,
        0.5573341926393489
    ],
    "precisions": [
        0.47894409036677976,
        0.5075662227314118,
        0.5158677156347128,
        0.5144451517194445,
        0.5070355208936168,
        0.5159890941689801,
        0.5299117592548329,
        0.5260452284289113,
        0.515886561634136,
        0.5257619732000821,
        0.5287867649459909,
        0.5342021365170081,
        0.5240224942649319,
        0.5308284446098633,
        0.539045669635905,
        0.5385308760109103,
        0.5250473537271424,
        0.5382951236400051,
        0.5360716991199319,
        0.5394040284493119,
        0.5306429780579155,
        0.541419036495779,
        0.5448893631846423,
        0.5489182097702971,
        0.5384073770404718,
        0.5463950994415432,
        0.5491391015848914,
        0.5513936254787202
    ],
    "recalls": [
        0.4830610881278344,
        0.5158916326656336,
        0.5191993289830966,
        0.5266345374674799,
        0.5193099014483413,
        0.5291903410212789,
        0.5332641465622231,
        0.5373916587291433,
        0.5280072156431606,
        0.5363333222760868,
        0.5398621635240393,
        0.542121001028324,
        0.5349148355076618,
        0.5422805412996056,
        0.5432283052874173,
        0.5417055644803331,
        0.5354519017674219,
        0.5454950408249338,
        0.5443340299398644,
        0.5479418515201344,
        0.5412016699601465,
        0.5494803883936822,
        0.5526964675256567,
        0.553467315569077,
        0.5479007817473293,
        0.5533441062506614,
        0.5568998008116018,
        0.5573341926393489
    ],
    "f1_scores": [
        0.4789424834713923,
        0.5072989543076967,
        0.5164212498582591,
        0.5135282392521345,
        0.509169249493482,
        0.5137905514406211,
        0.5095443956381007,
        0.5271172354784643,
        0.5148028492073541,
        0.5280112322552882,
        0.5227971053399206,
        0.5325700260718804,
        0.5174246096135985,
        0.5289918656778975,
        0.5237266633202202,
        0.5393631670284074,
        0.5184158542359665,
        0.5395636248859734,
        0.5288825556823751,
        0.5307952570336533,
        0.5277776094180174,
        0.5370371723779268,
        0.538462003556519,
        0.5476260673126501,
        0.5353249845379754,
        0.5440162584572272,
        0.548221832916978,
        0.5523543458624558
    ]
}